name,phoneNumber,email,address,userAgent,hexcolor
"Joannie Kerluke","(231) 466-7978",walton.spencer@hamill.com,"5644 Swift Drive
South Helmer, CT 43584-2080","Mozilla/5.0 (X11; Linux i686; rv:5.0) Gecko/20130613 Firefox/35.0",#3cc9f4
"Demarcus Schuppe",1-540-996-6698,runte.audie@turner.info,"6312 Cassidy Flats
Osinskiton, NH 58253","Mozilla/5.0 (compatible; MSIE 11.0; Windows NT 5.1; Trident/3.1)",#6d54a3
"Fleta Runolfsdottir","+1 (213) 671-3858",elna45@hoeger.com,"8043 Benedict Drive
West Ernestoport, ID 30840","Mozilla/5.0 (compatible; MSIE 5.0; Windows NT 6.0; Trident/4.1)",#f4ac1a
"Dr. Delaney Altenwerth DDS",+15843687872,ldoyle@beahan.com,"4845 Goyette Skyway Apt. 207
Masonhaven, WY 10830","Mozilla/5.0 (Macintosh; PPC Mac OS X 10_8_5) AppleWebKit/5352 (KHTML, like Gecko) Chrome/36.0.823.0 Mobile Safari/5352",#e7cfc9
"Deontae Prosacco",609.679.7476,wpadberg@gmail.com,"66505 Casper Cape Apt. 852
Leonfort, MO 67792","Mozilla/5.0 (X11; Linux i686; rv:5.0) Gecko/20250716 Firefox/37.0",#6a92e3
"Gretchen Leuschke",+1-892-338-6721,tkuvalis@yahoo.com,"9248 Colby Key Suite 379
New Julie, OR 09231","Mozilla/5.0 (Windows NT 4.0) AppleWebKit/5321 (KHTML, like Gecko) Chrome/38.0.886.0 Mobile Safari/5321",#45403d
"Dr. Leonie Reichert","(239) 620-3249",noemy.hyatt@yahoo.com,"2592 Adele Wells
Jakeview, CO 32554-6465","Mozilla/5.0 (X11; Linux x86_64) AppleWebKit/5361 (KHTML, like Gecko) Chrome/36.0.873.0 Mobile Safari/5361",#b7439a
"Lisa Flatley I",1-714-594-6751,vschultz@stroman.com,"91494 Hermiston Landing
Jeniferton, MD 81669-3845","Mozilla/5.0 (Windows NT 6.0; sl-SI; rv:1.9.1.20) Gecko/20190506 Firefox/37.0",#8fc40e
"Dr. Chester Kutch MD",959-642-9112,mertz.kirk@waelchi.net,"46140 Roberts Expressway Suite 794
Lake Maynard, TN 02293","Mozilla/5.0 (Macintosh; Intel Mac OS X 10_8_0 rv:6.0) Gecko/20150114 Firefox/35.0",#2a91e2
"Kathryne Gaylord","(357) 783-5871",kunze.kenna@yahoo.com,"356 Brenna Brooks
Schulistfurt, MN 21408","Mozilla/5.0 (compatible; MSIE 5.0; Windows 98; Win 9x 4.90; Trident/4.0)",#40a756
"Timmy Beatty",441-216-0463,rick79@gmail.com,"109 Koepp Village Suite 952
West Gonzalo, NJ 80600-1827","Opera/8.68 (X11; Linux x86_64; sl-SI) Presto/2.10.184 Version/10.00",#804b1d
"Prof. Arlie Ferry",+1-620-712-4204,deondre39@kunze.com,"32548 Donnie Oval
Stoltenbergstad, NV 64280-5500","Mozilla/5.0 (X11; Linux x86_64) AppleWebKit/5362 (KHTML, like Gecko) Chrome/36.0.807.0 Mobile Safari/5362",#f012d7
"Ms. America Morar Sr.",+1-623-417-3579,owill@paucek.org,"6372 Beahan Way
Rodriguezchester, ME 86521","Opera/9.70 (Windows NT 6.0; sl-SI) Presto/2.12.333 Version/12.00",#835865
"Adell Farrell","+1 (531) 664-4008",hshields@yahoo.com,"90406 Alejandra Lane
Ryanport, WV 42796-0511","Mozilla/5.0 (Windows; U; Windows NT 6.2) AppleWebKit/532.46.6 (KHTML, like Gecko) Version/4.1 Safari/532.46.6",#a16b72
"Prof. Victoria Watsica","(216) 609-9372",treichert@hotmail.com,"6955 Waelchi Forks Suite 526
East Kayla, WV 35100","Mozilla/5.0 (Macintosh; U; Intel Mac OS X 10_8_8 rv:5.0) Gecko/20140531 Firefox/37.0",#2ae974
"Trudie Beier III",791.847.1010,valentina.raynor@yahoo.com,"2875 Orion Turnpike
Port Brycen, NM 92668-0825","Mozilla/5.0 (compatible; MSIE 7.0; Windows NT 5.0; Trident/5.1)",#4e6fcd
"Dr. Timmy Spencer Sr.",852-587-7362,rhessel@ankunding.net,"27860 Lebsack Squares Suite 172
Cummingshaven, KY 19503","Mozilla/5.0 (Windows NT 6.0; sl-SI; rv:1.9.1.20) Gecko/20100524 Firefox/35.0",#7dede3
"Dr. Emely Klein I",236.400.6766,jamar28@yahoo.com,"12212 Morar Pike
West Raina, AL 92193-1281","Opera/9.75 (X11; Linux i686; en-US) Presto/2.10.274 Version/11.00",#56a819
"Ernestina Trantow II",+1.686.531.9452,bogan.mark@gmail.com,"8564 Barry Stravenue
Damionberg, MI 58500","Mozilla/5.0 (compatible; MSIE 8.0; Windows NT 5.1; Trident/3.1)",#400fd9
"Christina Bradtke","+1 (258) 437-7826",hettinger.lavada@cole.info,"6573 Reese Summit
North Amiraton, MN 96793-5484","Opera/9.66 (X11; Linux i686; en-US) Presto/2.9.214 Version/11.00",#a06a8d
"Melany Daniel",1-836-382-0198,elwin54@shanahan.com,"13385 Horacio Underpass Apt. 736
North Alanashire, NE 15258","Opera/9.96 (X11; Linux i686; en-US) Presto/2.9.210 Version/10.00",#ecd468
"Mr. Hal Schamberger DDS",1-374-987-0322,ptreutel@yahoo.com,"103 Raleigh Circles Apt. 156
Lake Halmouth, WA 37513","Mozilla/5.0 (compatible; MSIE 11.0; Windows NT 6.2; Trident/3.0)",#952841
"Neva Hettinger",+15416132022,sankunding@harber.com,"902 Pouros Ramp
Kirstenburgh, IA 58609-0064","Mozilla/5.0 (X11; Linux x86_64) AppleWebKit/5341 (KHTML, like Gecko) Chrome/39.0.874.0 Mobile Safari/5341",#7f4ed6
"Willow O'Keefe","+1 (558) 518-5495",murphy.adaline@yahoo.com,"809 Markus Vista Apt. 765
Port Noah, DE 21212","Opera/8.29 (X11; Linux i686; sl-SI) Presto/2.9.310 Version/10.00",#535e49
"Jeffrey Beatty","(810) 999-1326",klein.madge@yahoo.com,"12604 Tremblay Summit Suite 277
Mossieborough, NY 29860-7051","Mozilla/5.0 (compatible; MSIE 7.0; Windows NT 4.0; Trident/5.1)",#3ac10d
"Addison Lebsack I","+1 (838) 346-8289",schroeder.lucious@hotmail.com,"315 Ofelia Lodge Suite 959
New Cassidy, RI 10385-4114","Mozilla/5.0 (Macintosh; U; PPC Mac OS X 10_8_8 rv:6.0) Gecko/20150302 Firefox/37.0",#285938
"Mrs. Cordia Larkin","+1 (267) 739-6713",zstoltenberg@hotmail.com,"6213 Satterfield Turnpike Apt. 583
North Macy, IA 91857","Mozilla/5.0 (X11; Linux x86_64; rv:5.0) Gecko/20240703 Firefox/37.0",#f375d5
"Miss Era Hartmann IV",1-754-274-0915,jones.wanda@yahoo.com,"26097 Maude Field
Ronside, HI 57230-4233","Opera/9.48 (Windows NT 6.0; en-US) Presto/2.10.236 Version/12.00",#65a9b2
"Jabari Denesik",1-538-666-6702,beer.matilde@hotmail.com,"1281 Jordyn Pine
North Trinitybury, IA 06578-8267","Mozilla/5.0 (compatible; MSIE 9.0; Windows NT 6.1; Trident/5.1)",#47dd9c
"Kian Jacobson",+1.282.222.6192,walker.brian@king.org,"999 O'Reilly Meadows
North Declan, IN 83848","Mozilla/5.0 (iPad; CPU OS 7_0_1 like Mac OS X; en-US) AppleWebKit/535.9.3 (KHTML, like Gecko) Version/4.0.5 Mobile/8B114 Safari/6535.9.3",#a9bb6b
"Dana Jacobs",1-864-509-0468,wisozk.maurine@yahoo.com,"208 Vivianne Coves
Henriettehaven, ME 84330-0599","Mozilla/5.0 (X11; Linux i686) AppleWebKit/5352 (KHTML, like Gecko) Chrome/39.0.873.0 Mobile Safari/5352",#c00b57
"Dr. Ludwig Emard V",+1-558-519-3342,dibbert.mckenzie@yahoo.com,"109 Yesenia Overpass Suite 039
Karelleshire, MI 24050-6383","Mozilla/5.0 (Macintosh; Intel Mac OS X 10_7_0) AppleWebKit/5311 (KHTML, like Gecko) Chrome/39.0.882.0 Mobile Safari/5311",#7a06f7
"Angelo Walter",964.765.3706,ylowe@block.com,"8070 Jeffrey Bridge Suite 796
Geoffreyton, HI 65278-8323","Mozilla/5.0 (compatible; MSIE 6.0; Windows 95; Trident/4.0)",#e20e11
"Marlene Rau",552-629-6401,gunner49@hagenes.com,"1371 Gottlieb Station Suite 163
South Magnustown, TN 25992","Mozilla/5.0 (Windows CE) AppleWebKit/5362 (KHTML, like Gecko) Chrome/40.0.876.0 Mobile Safari/5362",#0a1421
"Maximus Franecki MD",+1-976-514-8822,hannah.vonrueden@gibson.biz,"914 Schroeder Junctions Suite 771
New Mireilleshire, ID 74032-9261","Opera/8.11 (Windows NT 5.2; sl-SI) Presto/2.12.193 Version/11.00",#28ed77
"Amelie Balistreri",1-846-306-1429,torrey85@gmail.com,"37966 Annamae Grove
Port Bonita, IL 74718-1014","Mozilla/5.0 (compatible; MSIE 6.0; Windows NT 4.0; Trident/3.0)",#9aff28
"Ewald Lowe",1-487-844-9655,trevion65@gmail.com,"36358 Blair Estate
New Kelvin, TX 48581-8082","Mozilla/5.0 (compatible; MSIE 10.0; Windows NT 5.1; Trident/4.0)",#3511e9
"Prof. Rahul Wolf","(928) 757-1566",laverna22@hotmail.com,"701 Elena Ridges
North Noeliaside, WA 55467-0176","Mozilla/5.0 (Windows NT 5.0) AppleWebKit/5322 (KHTML, like Gecko) Chrome/39.0.820.0 Mobile Safari/5322",#e9daf2